{
	"SUBJECTID": {
		"Description": "Subject Number"
	},
	"poverty": {
		"Description": "Federal income below federal poverty line",
		"Levels": {
			"0": "Income Above Poverty Line",
			"1": "Income Below Poverty Line"
		}
	},
	"race": {
		"Levels": {
			"0": "Non-African American",
			"1": "African American"
		}
	},
	"ScanAge": {
		"Description": "Age at Scan"
	},
	"jsex": {
		"Description": "Gender",
		"Levels": {
			"F": "Female",
			"M": "Male"
		}
	},
	"hand": {
		"Descripton": "Handedness",
		"Levels": {
			"1": "Right Handed",
			"2": "Left Handed or Ambidextrus"
		}
	},
	"IQ": {
		"Description": "IQ"
	},
	"Imp_p": {
		"Description": "Impairment at Preschool - continuous variable"
	},
	"SADSx_p": {
		"Description": "Separation Anxiety Symptom Count at Preschool"
	},
	"SADDx_p": {
		"Description": "Separation Anxiety Disorder at Preschool",
		"Levels": {
			"0": "Not Meeting Criteria for SAD at Preschool",
			"1": "Meeting Criteria for SAD at Preschool"
		}
	},
	"GADSx_p": {
		"Description": "Separation Anxiety Symptom Count at Preschool"
	},
	"GADDx_p": {
		"Description": "Separation Anxiety Disorder at Preschool",
		"Levels": {
			"0": "Not Meeting Criteria for GAD at Preschool",
			"1": "Meeting Criteria for GAD at Preschool"
		}
	},
	"SOCSx_p": {
		"Description": "Social Anxiety Symptom Count at Preschool"
	},	
	"SOCDx_p": {
		"Description": "Social Anxiety Disorder at Preschool",
		"Levels": {
			"0": "Not Meeting Criteria for SOC at Preschool",
			"1": "Meeting Criteria for SOC at Preschool"
		}
	},
	"Imp_f": {
		"Description": "Impairment at Follow-up - continuous variable"
	},
	"SADSx_f": {
		"Description": "Separation Anxiety Symptom Count at Follow-up"
	},
	"SADDx_f": {
		"Description": "Separation Anxiety Disorder at Follow-up",
		"Levels": {
			"0": "Not Meeting Criteria for SAD at Follow-up",
			"1": "Meeting Criteria for SAD at Follow-up"
		}
	},
	"GADSx_f": {
		"Description": "Generalized Anxiety Symptom Count at Follow-up"
	},
	"GADDx_f": {
		"Description": "Generalized Anxiety Disorder at Follow-up",
		"Levels": {
			"0": "Not Meeting Criteria for GAD at Follow-up",
			"1": "Meeting Criteria for GAD at Follow-up"
		}
	},
	"SOCSx_f": {
		"Description": "Social Anxiety Symptom Count at Follow-up"
	},
	"SOCDx_f": {
		"Description": "Social Anxiety Disorder at Follow-up",
		"Levels": {
			"0": "Not Meeting Criteria for SOC at Follow-up",
			"1": "Meeting Criteria for SOC at Follow-up"
		}
	},
	"InternSx_p": {
		"Description": "Anxiety and Depression Symptom Count at Preschool"
	},
	"InternSx_f": {
		"Description": "Anxiety and Depression Symptom Count at Follow-up"
	},
	"scanner": {
		"Description": "Scanner used",
		"Levels": {
			"0": "Ran on 3T GE Signa EXCITE HD",
			"1": "Ran on  3T GE MR750"
		}
	}
}
